abs_000	abs_000_death	abs_000_inhabit	abs_000_speci	abs_000_student	abs_000_year	abs_100	abs_100_greatest	abs_100_list	abs_11th	abs_11th_centuri	abs_13th	abs_13th_centuri	abs_16th	abs_16th_centuri	abs_1975	abs_1977	abs_1980	abs_1981	abs_1982	abs_1984	abs_1985	abs_1986	abs_1987	abs_1988	abs_1989	abs_1990	abs_1991	abs_1992	abs_1993	abs_1994	abs_1995	abs_1996	abs_1997	abs_1998	abs_1999	abs_19th	abs_19th_centuri	abs_2000	abs_2001	abs_2002	abs_2003	abs_2004	abs_2005	abs_2006	abs_2007	abs_2008	abs_2009	abs_2010	abs_2010_census	abs_2011	abs_2012	abs_2013	abs_2014	abs_2015	abs_2016	abs_2017	abs_2018	abs_2019	abs_2020	abs_2020_census	abs_2021	abs_2nd	abs_2nd_centuri	abs_3rd_centuri	abs_48	abs_4th_centuri	abs_50_greatest	abs_500_greatest	abs_75th	abs_88	abs_8th_centuri	abs_ab	abs_abbasid	abs_abc	abs_abd	abs_abd_al	abs_abdic	abs_abdomen	abs_abnorm	abs_absorpt	abs_abstract	abs_abu	abs_abund	abs_ac	abs_academ	abs_academi	abs_academy_award	abs_academy_film	abs_acceler	abs_access	abs_acclaim	abs_accolad	abs_accolades_includ	abs_accret	abs_acet	abs_achaemenid	abs_achaemenid_empir	abs_achiev	abs_achievement_award	abs_acid	abs_acoust	abs_acronym	abs_act	abs_acting_car	abs_action	abs_activ	abs_activist	abs_actor	abs_actor_comedian	abs_actors_guild	abs_actress	abs_acut	abs_ad	abs_adapt	abs_adher	abs_administr	abs_administrative_cent	abs_administrative_centr	abs_administrative_divis	abs_administrative_headquart	abs_adult	abs_adventur	abs_advoc	abs_aeronaut	abs_aesthet	abs_aesthetically_signific	abs_affair	abs_affect	abs_affili	abs_africa	abs_african	abs_african_union	abs_age	abs_agenc	abs_agent	abs_agglomer	abs_ago	abs_agreement	abs_agricultur	abs_ah	abs_air	abs_air_forc	abs_aircraft	abs_airlin	abs_airport	abs_al	abs_albert_einstein	abs_album	abs_alcohol	abs_alexander_great	abs_alga	abs_algebra	abs_algorithm	abs_ali	abs_align	abs_aligned_mov	abs_alkali	abs_allah	abs_alli	abs_allianc	abs_allow	abs_alloy	abs_alpha	abs_alphabet	abs_also_spoken	abs_also_us	abs_altitud	abs_aluminium	abs_alumni	abs_amateur	abs_america	abs_american	abs_american_actor	abs_american_actress	abs_american_businessman	abs_american_civil	abs_american_comedian	abs_american_economist	abs_american_film	abs_american_footbal	abs_american_form	abs_american_historian	abs_american_journalist	abs_american_multin	abs_american_mus	abs_american_n	abs_american_novelist	abs_american_philosoph	abs_american_physicist	abs_american_politician	abs_american_profession	abs_american_sing	abs_american_televis	abs_american_univers	abs_american_writ	abs_amino	abs_amino_acid	abs_ammonia	abs_ammonium	abs_ammunit	abs_amount	abs_amphibian	abs_amplitud	abs_anaerob	abs_analysi	abs_analyt	abs_anatom	abs_anatomi	abs_ancestor	abs_ancient	abs_ancient_c	abs_angl	abs_anglican	abs_angular	abs_anim	abs_anion	abs_annex	abs_anniversari	abs_announc	abs_announced_retir	abs_ant	abs_antarct	abs_antenna	abs_anthropolog	abs_anthropologist	abs_anti	abs_antibiot	abs_antibodi	abs_anxieti	abs_apertur	abs_apollo	abs_apostl	abs_apostol	abs_appar	abs_apparent_magnitud	abs_appear	abs_appli	abs_applic	abs_appoint	abs_approxim	abs_april	abs_aquacultur	abs_aquarium	abs_aquat	abs_aqueous	abs_aqueous_solut	abs_arab	abs_arbor	abs_arcad	abs_archaea	abs_archaeolog	abs_archaeological_sit	abs_archaic	abs_archbishop	abs_archipelago	abs_architect	abs_architectur	abs_architectural_styl	abs_arctic	abs_area	abs_area_c	abs_area_mad	abs_area_popul	abs_argument	abs_aristotl	abs_arithmet	abs_arm	abs_armed_forc	abs_armi	abs_armor	abs_aromat	abs_around	abs_arous	abs_arrest	abs_arriv	abs_art	abs_art_historian	abs_art_museum	abs_arthropod	abs_artilleri	abs_artist	abs_artists_tim	abs_artwork	abs_ascent	abs_asexu	abs_asia	abs_assassin	abs_asset	abs_associ	abs_association_footbal	abs_association_nba	abs_asteroid	abs_astrolog	abs_astronaut	abs_astronom	abs_astronomi	abs_astronomical_object	abs_astrophys	abs_athlet	abs_atlant	abs_atlantic_ocean	abs_atmospher	abs_atol	abs_atom	abs_atomic_nuclei	abs_atomic_numb	abs_atoms_molecul	abs_atp	abs_attack	abs_attempt	abs_audienc	abs_audio	abs_august	abs_australia	abs_australian	abs_author	abs_authoritarian	abs_autonom	abs_avail	abs_available_gener	abs_averag	abs_aviat	abs_award	abs_award_best	abs_award_golden	abs_award_nomin	abs_award_outstand	abs_award_two	abs_award_winn	abs_axiom	abs_axiomat	abs_bacteri	abs_bacteria	abs_bacterium	abs_bafta	abs_bafta_award	abs_bake	abs_ball	abs_ballerina	abs_ballet	abs_band	abs_band_form	abs_bang	abs_bank	abs_bantu	abs_baptism	abs_barcelona	abs_barrel	abs_baryon	abs_basal	abs_base	abs_base_unit	abs_basebal	abs_baseball_hal	abs_baseball_mlb	abs_basin	abs_basketbal	abs_basketball_associ	abs_basketball_hal	abs_basketball_play	abs_bass	abs_bassist	abs_bat	abs_batter	abs_batteri	abs_battl	abs_bay	abs_bc	abs_bce	abs_be	abs_beak	abs_beam	abs_becam	abs_became_capit	abs_became_extinct	abs_became_first	abs_became_independ	abs_bed	abs_bee	abs_beef	abs_beetl	abs_began	abs_began_car	abs_behavior	abs_belief	abs_believ	abs_belong	abs_ben	abs_best	abs_best_actor	abs_best_actress	abs_best_director	abs_best_film	abs_best_known	abs_best_pictur	abs_best_play	abs_best_sel	abs_best_support	abs_beta	abs_beverag	abs_bibl	abs_biblic	abs_big	abs_big_bang	abs_bike	abs_bilater	abs_bill	abs_billboard	abs_billboard_200	abs_billboard_hot	abs_billion	abs_billion_year	abs_billionair	abs_binari	abs_bind	abs_biochem	abs_biochemistri	abs_biodivers	abs_biolog	abs_biologist	abs_biospher	abs_biped	abs_bird	abs_bishop	abs_bit	abs_bite	abs_black_hol	abs_bleed	abs_blood	abs_blood_cel	abs_blood_pressur	abs_blood_vessel	abs_blue	abs_board_gam	abs_bodi	abs_boil	abs_boiling_point	abs_bomb	abs_bomber	abs_bond	abs_bone	abs_boni	abs_book	abs_boot	abs_border	abs_born	abs_boson	abs_boss	abs_botan	abs_botanist	abs_boundari	abs_bout	abs_bowl	abs_bowler	abs_box	abs_box_offic	abs_boxer	abs_brackish	abs_brain	abs_branch	abs_branch_mathemat	abs_brand	abs_brand_nam	abs_bread	abs_breastfeed	abs_breath	abs_bred	abs_breed	abs_breeder	abs_bridg	abs_bright	abs_brighter	abs_brightest	abs_brightest_star	abs_brit	abs_brit_award	abs_british	abs_british_academi	abs_brittl	abs_broadcast	abs_broadway	abs_bronz	abs_bronze_ag	abs_bronze_med	abs_brother	abs_browser	abs_buddha	abs_buddhism	abs_buddhist	abs_budget	abs_bug	abs_build	abs_built	abs_built_metro	abs_bureau_investig	abs_burrow	abs_buse	abs_busi	abs_busiest	abs_businessman	abs_butter	abs_byzantin	abs_byzantine_empir	abs_cabinet	abs_calcium	abs_calcul	abs_calculus	abs_calendar	abs_caliph	abs_call	abs_cambrian	abs_camera	abs_campaign	abs_campus	abs_canadian	abs_canal	abs_cancer	abs_candid	abs_cann	abs_cannes_film	abs_cannon	abs_canon	abs_canva	abs_cap	abs_capabl	abs_cape	abs_capit	abs_capita	abs_capital_c	abs_capital_largest	abs_capital_st	abs_captain	abs_captur	abs_car	abs_carbohydr	abs_carbon	abs_carbon_atom	abs_carbon_dioxid	abs_carbonifer	abs_card	abs_card_gam	abs_care	abs_career	abs_career_span	abs_cargo	abs_carnivor	abs_cartridg	abs_case	abs_cast	abs_casualti	abs_cat	abs_cathedr	abs_cathol	abs_catholic_church	abs_cation	abs_caus	abs_cave	abs_caviti	abs_cbs	abs_ce	abs_ceasefir	abs_celebr	abs_celesti	abs_celestial_bodi	abs_cell	abs_cell_membran	abs_cellular	abs_census	abs_census_popul	abs_center	abs_centr	abs_central	abs_centuri	abs_century_bc	abs_ceo	abs_certain	abs_certifi	abs_chain	abs_chairman	abs_champion	abs_champions_leagu	abs_championship	abs_chang	abs_channel	abs_charact	abs_charg	abs_charged_particl	abs_chart	abs_charter	abs_chees	abs_chef	abs_chemic	abs_chemical_bond	abs_chemical_compound	abs_chemical_el	abs_chemical_formula	abs_chemical_properti	abs_chemical_react	abs_chemist	abs_chemistri	abs_chess	abs_chicken	abs_chief	abs_children	abs_china	abs_chlorid	abs_chord	abs_choreograph	abs_choreographi	abs_christ	abs_christian	abs_christian_church	abs_christian_denomin	abs_chromosom	abs_chronic	abs_church	abs_cinema	abs_cinemat	abs_cinematographi	abs_circuit	abs_circul	abs_circus	abs_citi	abs_cities_includ	abs_city_administr	abs_city_also	abs_city_capit	abs_city_centr	abs_city_counti	abs_city_estim	abs_city_found	abs_city_hom	abs_city_host	abs_city_indian	abs_city_known	abs_city_li	abs_city_limit	abs_city_loc	abs_city_municip	abs_city_nam	abs_city_popul	abs_city_prop	abs_city_serv	abs_city_st	abs_city_unit	abs_city_world	abs_civil	abs_civil_engin	abs_civil_law	abs_civil_war	abs_civilian	abs_clade	abs_claim	abs_class	abs_classic	abs_classical_mechan	abs_classical_mus	abs_classifi	abs_classified_among	abs_claw	abs_climat	abs_climb	abs_climber	abs_clinic	abs_clock	abs_clone	abs_closely_rel	abs_cloth	abs_cloud	abs_club	abs_cluster	abs_co	abs_co_found	abs_co_host	abs_coach	abs_coalit	abs_coast	abs_coastal	abs_coastlin	abs_coat	abs_code	abs_coeffici	abs_cognit	abs_collabor	abs_collaps	abs_collect	abs_colleg	abs_college_footbal	abs_collegi	abs_collid	abs_collis	abs_colon	abs_coloni	abs_color	abs_colorless	abs_columnist	abs_combat	abs_combust	abs_comed	abs_comedi	abs_comedian	abs_comedian_actor	abs_comedy_drama	abs_comedy_film	abs_comedy_seri	abs_comet	abs_comic	abs_comic_book	abs_command	abs_commander_chief	abs_comment	abs_commentari	abs_commerci	abs_commercial_success	abs_commit	abs_committe	abs_common	abs_common_ancestor	abs_common_caus	abs_common_law	abs_common_nam	abs_common_sid	abs_commonwealth	abs_commonwealth_n	abs_communic	abs_communist	abs_communiti	abs_commut	abs_compani	abs_company_headquart	abs_compat	abs_compet	abs_competit	abs_competitor	abs_complex	abs_complex_numb	abs_compon	abs_compos	abs_composit	abs_compound	abs_compound_formula	abs_compress	abs_compris	abs_comput	abs_computer_network	abs_computer_program	abs_computer_sci	abs_computer_scientist	abs_computer_system	abs_concept	abs_concert	abs_concret	abs_condens	abs_condit	abs_conductor	abs_cone	abs_confeder	abs_confer	abs_conflict	abs_confluenc	abs_congreg	abs_congress	abs_conjectur	abs_conjug	abs_connect	abs_conquer	abs_conquest	abs_conscious	abs_consecut	abs_conserv	abs_conservation_natur	abs_considered_on	abs_consist	abs_consol	abs_conson	abs_constant	abs_constel	abs_constitut	abs_constitutional_monarchi	abs_construct	abs_consum	abs_consumpt	abs_contain	abs_contamin	abs_content	abs_context	abs_contin	abs_continent	abs_contribut	abs_control	abs_conurb	abs_convect	abs_convex	abs_convict	abs_cook	abs_cool	abs_cooper	abs_coordin	abs_coordinate_system	abs_copi	abs_copper	abs_coral	abs_core	abs_corpor	abs_correspond	abs_corros	abs_corrupt	abs_cosmic	abs_cosmic_ray	abs_cosmolog	abs_cost	abs_cough	abs_council	abs_counti	abs_countri	abs_country_popul	abs_country_world	abs_county_seat	abs_coup	abs_coup_état	abs_court	abs_coval	abs_cover	abs_covers_area	abs_cpu	abs_crab	abs_crater	abs_cream	abs_creat	abs_creatur	abs_crest	abs_cretac	abs_cretaceous_period	abs_crew	abs_cricket	abs_crime	abs_crimin	abs_criminal_law	abs_crisi	abs_critic	abs_critically_endang	abs_crocodil	abs_crop	abs_cross_countri	abs_crown	abs_crusad	abs_crust	abs_crustacean	abs_crystal	abs_crystal_structur	abs_crystallin	abs_cuisin	abs_culinari	abs_cultiv	abs_cultivar	abs_cultur	abs_culturally_histor	abs_cup	abs_currenc	abs_current	abs_curv	abs_customari	abs_cycl	abs_cyclon	abs_daili	abs_daily_newspap	abs_dairi	abs_dam	abs_damag	abs_danc	abs_dancer	abs_dancer_choreograph	abs_dark	abs_data	abs_date	abs_daughter	abs_day	abs_de	abs_de_franc	abs_deadliest	abs_death	abs_debut	abs_debut_album	abs_decay	abs_decemb	abs_decidu	abs_decim	abs_decis	abs_declar	abs_declared_independ	abs_decor	abs_decreas	abs_deep_sea	abs_defeat	abs_defens	abs_defici	abs_defin	abs_definit	abs_deform	abs_degre	abs_deiti	abs_democraci	abs_democrat	abs_democratic_parti	abs_democratic_republ	abs_denomin	abs_denot	abs_dens	abs_densely_popul	abs_densiti	abs_depart	abs_depend	abs_depict	abs_deploy	abs_deposit	abs_depth	abs_deputi	abs_deriv	abs_describ	abs_desert	abs_design	abs_desktop	abs_dessert	abs_destin	abs_detect	abs_detector	abs_determin	abs_develop	abs_developed_countri	abs_developed_world	abs_developing_countri	abs_developing_world	abs_development_index	abs_devic	abs_devonian	abs_dharma	abs_diabet	abs_diagnos	abs_diagnosi	abs_diagnost	abs_dialect	abs_diamet	abs_diarrhea	abs_die	abs_diet	abs_dietari	abs_differ	abs_differenti	abs_differential_equ	abs_diffract	abs_digit	abs_dimens	abs_dimension	abs_dimorph	abs_dinosaur	abs_dioxid	abs_diplomat	abs_direct	abs_director	abs_director_produc	abs_director_screenwrit	abs_discharg	abs_discipl	abs_disciplin	abs_discov	abs_discoveri	abs_discret	abs_diseas	abs_disease_caus	abs_dish	abs_disk	abs_disord	abs_display	abs_distanc	abs_distil	abs_distribut	abs_district	abs_diverg	abs_divid	abs_divin	abs_divis	abs_dna	abs_doctor	abs_doctrin	abs_dog	abs_domain	abs_domest	abs_domin	abs_dorsal	abs_dose	abs_doubl	abs_downtown	abs_draft	abs_drain	abs_drainag	abs_drainage_basin	abs_drama	abs_drama_film	abs_drama_seri	abs_drama_televis	abs_dramatist	abs_dress	abs_dri	abs_drink	abs_driver	abs_droplet	abs_drug	abs_drum	abs_drummer	abs_duchi	abs_duke	abs_dust	abs_dwarf	abs_dynam	abs_dynasti	abs_ear	abs_earli	abs_earn	abs_earth	abs_earth_atmospher	abs_earth_crust	abs_earth_orbit	abs_earth_surfac	abs_east	abs_eastern	abs_eastern_orthodox	abs_eat	abs_eaten	abs_ecolog	abs_econom	abs_economi	abs_economic_sci	abs_economic_zon	abs_economist	abs_ecosystem	abs_edg	abs_edibl	abs_edit	abs_editor	abs_educ	abs_effect	abs_effects_includ	abs_effici	abs_egg	abs_egypt	abs_einstein	abs_either	abs_eject	abs_eldest	abs_eldest_son	abs_elect	abs_elected_presid	abs_elector	abs_electr	abs_electric_charg	abs_electric_curr	abs_electric_field	abs_electric_pow	abs_electrical_engin	abs_electrical_pow	abs_electrod	abs_electromagnet	abs_electromagnetic_field	abs_electromagnetic_radi	abs_electromagnetic_wav	abs_electron	abs_electrostat	abs_element	abs_element_symbol	abs_elementari	abs_elementary_particl	abs_elev	abs_elig	abs_ellipt	abs_elong	abs_embryo	abs_emerg	abs_emeritus	abs_emiss	abs_emit	abs_emmi	abs_emmy_award	abs_emot	abs_emperor	abs_empir	abs_employe	abs_encod	abs_end	abs_endang	abs_endem	abs_enemi	abs_energi	abs_energy_sourc	abs_enforc	abs_engin	abs_england	abs_english	abs_english_actor	abs_enrol	abs_entertain	abs_entrepreneur	abs_entropi	abs_environ	abs_environment	abs_enzym	abs_epic	abs_episod	abs_epistemolog	abs_epistl	abs_epoch	abs_equal	abs_equat	abs_equilibrium	abs_equip	abs_equiti	abs_equival	abs_eros	abs_erot	abs_erupt	abs_escal	abs_essay	abs_essayist	abs_essenti	abs_essential_medicin	abs_establish	abs_estim	abs_estimated_popul	abs_ethic	abs_ethnic	abs_ethnic_group	abs_euclidean	abs_euclidean_spac	abs_eukaryot	abs_euler	abs_eurasia	abs_euro	abs_europ	abs_european	abs_european_championship	abs_european_cup	abs_european_languag	abs_european_union	abs_evangel	abs_event	abs_event_held	abs_ever	abs_ever_mad	abs_evergreen	abs_evid	abs_evolut	abs_evolutionari	abs_exampl	abs_excav	abs_exchang	abs_execut	abs_executive_offic	abs_exercis	abs_exhibit	abs_exil	abs_exist	abs_exoplanet	abs_expans	abs_expedit	abs_experi	abs_explain	abs_explor	abs_explos	abs_exponenti	abs_exposur	abs_express	abs_extant	abs_extant_speci	abs_extinct	abs_extinct_genus	abs_extinct_speci	abs_extinction_ev	abs_extract	abs_extraterrestri	abs_eye	abs_fa	abs_fabric	abs_faction	abs_factor	abs_factors_includ	abs_faculti	abs_fail	abs_faint	abs_faith	abs_fame	abs_famili	abs_farm	abs_fashion	abs_fat	abs_father	abs_fbi	abs_feast	abs_feast_day	abs_feat	abs_feather	abs_featur	abs_feature_film	abs_februari	abs_feder	abs_feed	abs_feel	abs_femal	abs_ferment	abs_fertil	abs_festiv	abs_fever	abs_fiber	abs_fibr	abs_fiction	abs_fictional_charact	abs_field	abs_field_marsh	abs_field_theori	abs_fifa	abs_fifa_world	abs_fight	abs_fighter	abs_figur	abs_file	abs_film	abs_film_award	abs_film_car	abs_film_crit	abs_film_debut	abs_film_direct	abs_film_director	abs_film_festiv	abs_film_industri	abs_film_institut	abs_film_produc	abs_film_registri	abs_film_rol	abs_film_star	abs_film_televis	abs_film_tim	abs_filmfar	abs_filmfare_award	abs_filmmak	abs_films_ev	abs_films_includ	abs_films_tim	abs_filter	abs_fin	abs_final	abs_financi	abs_fine_art	abs_finish	abs_finit	abs_finned_fish	abs_fire	abs_firearm	abs_first	abs_first_appear	abs_first_class	abs_first_day	abs_first_european	abs_first_film	abs_first_languag	abs_first_ord	abs_first_perform	abs_first_play	abs_first_presid	abs_first_publish	abs_first_round	abs_first_team	abs_fish	abs_fisheri	abs_fission	abs_five	abs_five_tim	abs_flammabl	abs_flavor	abs_flavour	abs_flew	abs_fli	abs_flight	abs_flood	abs_floor	abs_flour	abs_flow	abs_flower	abs_flowering_pl	abs_fluid	abs_flux	abs_folk	abs_folklor	abs_follow	abs_food	abs_footbal	abs_football_club	abs_football_hal	abs_football_leagu	abs_football_play	abs_football_team	abs_footballer_play	abs_forb	abs_forc	abs_foreign	abs_foreign_polici	abs_forest	abs_form	abs_formal	abs_format	abs_former	abs_former_profession	abs_formul	abs_formula	abs_forward	abs_fossil	abs_fossil_fuel	abs_fossil_record	abs_fossils_found	abs_fought	abs_found	abs_found_natur	abs_founder	abs_founding_memb	abs_four	abs_four_major	abs_four_tim	abs_fourier	abs_fourth_largest	abs_fraction	abs_franc	abs_franchis	abs_freestyl	abs_french	abs_french_mathematician	abs_frequenc	abs_fresh	abs_fresh_wat	abs_freshwat	abs_fri	abs_frog	abs_front	abs_frs	abs_fruit	abs_fuel	abs_function	abs_functional_group	abs_fund	abs_fundament	abs_fungi	abs_fungus	abs_fur	abs_furnitur	abs_fusion	abs_gained_independ	abs_galact	abs_galaxi	abs_galleri	abs_game	abs_game_consol	abs_game_develop	abs_game_play	abs_game_show	abs_gameplay	abs_games_play	abs_gamma	abs_gamma_ray	abs_garment	abs_gas	abs_gase	abs_gaseous	abs_gdp	abs_gender	abs_gene	abs_genera	abs_general	abs_general_elect	abs_general_purpos	abs_general_rel	abs_generat	abs_generic	abs_genet	abs_genom	abs_genr	abs_genus	abs_genus_nam	abs_geograph	abs_geographi	abs_geolog	abs_geologist	abs_geometr	abs_geometri	abs_germ	abs_german	abs_german_philosoph	abs_german_physicist	abs_germani	abs_giant	abs_gill	abs_given	abs_glacial	abs_glacier	abs_gland	abs_global	abs_global_c	abs_globalization_world	abs_globe	abs_globe_award	abs_glove	abs_glucos	abs_goal	abs_goalscor	abs_god	abs_goddess	abs_gold	abs_gold_med	abs_gold_medalist	abs_golden	abs_golden_glob	abs_golf	abs_golfer	abs_goods_servic	abs_gospel	abs_gothic	abs_govern	abs_governing_bodi	abs_governor	abs_graduat	abs_graduate_school	abs_graduate_stud	abs_grain	abs_gram	abs_grammar	abs_grammat	abs_grammi	abs_grammy_award	abs_grand	abs_grand_prix	abs_grand_slam	abs_grant	abs_graph	abs_graph_theori	abs_graphic	abs_grassland	abs_gravit	abs_graviti	abs_great	abs_greatest	abs_greatest_artist	abs_greatest_film	abs_greatest_liv	abs_greatest_play	abs_greek	abs_greek_mytholog	abs_green	abs_greenhous	abs_greenhouse_ga	abs_gregorian	abs_gregorian_calendar	abs_grey	abs_grid	abs_gross	abs_grossing_film	abs_groundwat	abs_group	abs_grow	abs_grown	abs_growth	abs_guest	abs_guild	abs_guild_award	abs_guilti	abs_guitar	abs_guitarist	abs_gulf	abs_gun	abs_guru	abs_gymnast	abs_h2o	abs_habitat	abs_habitat_loss	abs_habsburg	abs_hadith	abs_hair	abs_half_lif	abs_hall	abs_hall_fam	abs_harden	abs_hardwar	abs_hart	abs_harvest	abs_hasan	abs_hatch	abs_head	abs_head_coach	abs_head_stat	abs_headach	abs_headquart	abs_heads_stat	abs_health	abs_health_organ	abs_healthi	abs_heat	abs_heavier	abs_heavyweight	abs_hebrew	abs_hebrew_b	abs_heir	abs_held	abs_helium	abs_hemispher	abs_herb	abs_herbac	abs_herbivor	abs_herd	abs_heritag	abs_heritage_sit	abs_hero	abs_high	abs_high_energi	abs_higher	abs_higher_educ	abs_highest	abs_highest_gross	abs_highest_mountain	abs_highest_paid	abs_highest_peak	abs_highest_point	abs_hindi	abs_hindu	abs_hinduism	abs_hip	abs_hip_hop	abs_histor	abs_histori	abs_historian	abs_historically_aesthet	abs_hit	abs_hit_singl	abs_hockey	abs_hockey_leagu	abs_hold	abs_holder	abs_holds_record	abs_hole	abs_holi	abs_holiday	abs_hollywood	abs_hollywood_walk	abs_holy_roman	abs_home	abs_homo	abs_honor	abs_hop	abs_horizon	abs_hormon	abs_horror	abs_horror_film	abs_horticultur	abs_host	abs_host_citi	abs_hot	abs_hot_100	abs_hour	abs_hous	abs_house_repres	abs_hub	abs_hubbl	abs_hubble_spac	abs_human	abs_human_develop	abs_human_right	abs_hunt	abs_hydrat	abs_hydrocarbon	abs_hydroelectr	abs_hydrogen	abs_hydrogen_atom	abs_hydrogen_helium	abs_hydrolog	abs_hydroxid	abs_hygien	abs_hyperbol	abs_ibm	abs_ibn	abs_ibn_al	abs_ic	abs_icc	abs_ice	abs_ice_hockey	abs_idea	abs_ideolog	abs_igneous	abs_ii	abs_iii	abs_imag	abs_imam	abs_immun	abs_immune_system	abs_imperi	abs_implant	abs_implement	abs_import	abs_imprison	abs_improv	abs_includ	abs_including_academi	abs_including_best	abs_incom	abs_increas	abs_increased_risk	abs_incub	abs_independ	abs_index	abs_india	abs_indian	abs_indian_st	abs_indigen	abs_indigenous_peopl	abs_individu	abs_indo	abs_indo_european	abs_indoor	abs_induct	abs_inducte	abs_inducted_rock	abs_industri	abs_industrialist	abs_infantri	abs_infect	abs_infecti	abs_infectious_diseas	abs_infer	abs_infinit	abs_inflamm	abs_inflammatori	abs_influenc	abs_influenti	abs_inform	abs_infrar	abs_ingredi	abs_inhabit	abs_inhal	abs_inherit	abs_inhibit	abs_inject	abs_injuri	abs_inorgan	abs_inorganic_compound	abs_input	abs_insect	abs_insert	abs_insolubl	abs_institut	abs_instrument	abs_insurg	abs_integ	abs_integr	abs_integrated_circuit	abs_intellig	abs_interact	abs_intercours	abs_interdisciplinari	abs_interfac	abs_intergovernment	abs_intermedi	abs_intern	abs_internal_combust	abs_international_airport	abs_international_competit	abs_international_cricket	abs_international_film	abs_international_olymp	abs_international_system	abs_internet	abs_interperson	abs_interpret	abs_intersect	abs_interstellar	abs_interv	abs_intraven	abs_invad	abs_invari	abs_invas	abs_invent	abs_inventor	abs_invers	abs_invertebr	abs_invest	abs_investig	abs_investor	abs_involv	abs_ioc	abs_ion	abs_ionic	abs_ioniz	abs_iron	abs_islam	abs_islamic_prophet	abs_islamist	abs_island	abs_island_also	abs_island_countri	abs_island_group	abs_island_island	abs_islet	abs_isom	abs_isotop	abs_isthmus	abs_italia	abs_item	abs_iucn	abs_iucn_r	abs_iupac	abs_iv	abs_jain	abs_jainism	abs_januari	abs_jaw	abs_jazz	abs_jesus	abs_jesus_christ	abs_jewish	abs_john	abs_join	abs_journal	abs_journalist	abs_judaism	abs_judici	abs_juic	abs_juli	abs_julian	abs_jump	abs_june	abs_jupit	abs_jurass	abs_jurisdict	abs_jurisprud	abs_jurist	abs_justic	abs_keyboard	abs_kick	abs_kidney	abs_kill	abs_killer	abs_kilogram	abs_kinet	abs_kinetic_energi	abs_king	abs_king_england	abs_kingdom	abs_km	abs_km2	abs_knowledg	abs_known	abs_known_profession	abs_known_speci	abs_krishna	abs_laboratori	abs_lake	abs_land	abs_land_area	abs_land_bord	abs_land_grant	abs_landlock	abs_landslid	abs_languag	abs_language_famili	abs_language_novel	abs_language_spoken	abs_language_us	abs_languages_spoken	abs_larg	abs_largest	abs_largest_c	abs_largest_countri	abs_largest_island	abs_largest_known	abs_largest_lak	abs_largest_metropolitan	abs_largest_riv	abs_largest_univers	abs_largest_urban	abs_larva	abs_laser	abs_last	abs_late	abs_late_cretac	abs_late_night	abs_later	abs_latin	abs_latitud	abs_lattic	abs_launch	abs_laureat	abs_lava	abs_law	abs_law_enforc	abs_lawyer	abs_layer	abs_lead	abs_leader	abs_leader_opposit	abs_leadership	abs_leading_rol	abs_leaf	abs_leagu	abs_league_basebal	abs_league_nfl	abs_least_concern	abs_least_popul	abs_leav	abs_led	abs_left_hand	abs_leg	abs_legal	abs_legal_system	abs_legisl	abs_len	abs_length	abs_lens	abs_level	abs_level_c	abs_liber	abs_librari	abs_library_congress	abs_lie	abs_life	abs_life_cycl	abs_lifetime_achiev	abs_light	abs_light_year	abs_like	abs_limb	abs_line	abs_lineag	abs_linear	abs_linguist	abs_linux	abs_lipid	abs_liquid	abs_liquid_wat	abs_list	abs_list_essenti	abs_list_world	abs_literari	abs_literatur	abs_liturg	abs_live	abs_lived_built	abs_liver	abs_livestock	abs_living_organ	abs_living_speci	abs_lizard	abs_load	abs_local_govern	abs_locat	abs_logarithm	abs_logic	abs_longest	abs_longest_riv	abs_longest_run	abs_longest_serv	abs_longitud	abs_loss	abs_love	abs_low	abs_lumin	abs_luminos	abs_lunar	abs_lutheran	abs_lyric	abs_machin	abs_macroscop	abs_made	abs_mafia	abs_magazin	abs_magician	abs_magma	abs_magnat	abs_magnet	abs_magnetic_field	abs_magnitud	abs_mahayana	abs_main	abs_main_campus	abs_main_island	abs_main_sequ	abs_mainland	abs_major	abs_major_c	abs_major_leagu	abs_major_riv	abs_makeup	abs_male	abs_male_femal	abs_mammal	abs_mammalian	abs_man	abs_manag	abs_manifold	abs_mantl	abs_manufactur	abs_many_speci	abs_map	abs_march	abs_marin	abs_maritim	abs_market	abs_marri	abs_marriag	abs_marshal	abs_martial	abs_martial_art	abs_mass	abs_massif	abs_massiv	abs_master	abs_match	abs_mate	abs_materi	abs_materials_sci	abs_mathemat	abs_mathematical_analysi	abs_mathematical_log	abs_mathematician	abs_matrix	abs_matter	abs_maxwel	abs_may	abs_may_also	abs_may_includ	abs_may_occur	abs_may_us	abs_meal	abs_mean	abs_measur	abs_meat	abs_mechan	abs_mechanical_engin	abs_medal	abs_medalist	abs_media	abs_medic	abs_medicin	abs_mediev	abs_medina	abs_medit	abs_mediterranean	abs_medium	abs_medium_s	abs_melodi	abs_melt	abs_melting_point	abs_member	abs_member_st	abs_member_unit	abs_membership	abs_membran	abs_memori	abs_memorial_basketbal	abs_memorial_pr	abs_men	abs_mental	abs_mental_disord	abs_messag	abs_messeng	abs_metabol	abs_metal	abs_metamorph	abs_metaphys	abs_meteorolog	abs_meter	abs_method	abs_metr	abs_metric	abs_metro	abs_metro_area	abs_metropolitan	abs_metropolitan_area	abs_metropolitan_statist	abs_microorgan	abs_microscop	abs_microsoft	abs_microsoft_window	abs_microwav	abs_middl	abs_middle_ag	abs_migrat	abs_migratori	abs_milan	abs_militari	abs_military_command	abs_military_coup	abs_military_forc	abs_milk	abs_milki	abs_milky_way	abs_million	abs_million_album	abs_million_copi	abs_million_passeng	abs_million_peopl	abs_million_record	abs_million_visitor	abs_million_year	abs_mind	abs_miner	abs_minist	abs_miocen	abs_mirror	abs_missil	abs_mission	abs_mixtur	abs_mlb	abs_mobil	abs_model	abs_modern	abs_modern_day	abs_modern_human	abs_modul	abs_molecul	abs_molecular	abs_molecular_biolog	abs_mollusc	abs_momentum	abs_monarch	abs_monarchi	abs_monasteri	abs_mongol	abs_monk	abs_monophylet	abs_month	abs_monument	abs_moon	abs_moral	abs_morpholog	abs_motion	abs_motion_pictur	abs_motor	abs_mount	abs_mountain	abs_mountain_rang	abs_mouth	abs_movement	abs_movi	abs_mtv	abs_mu	abs_muhammad	abs_multi_parti	abs_multi_sport	abs_multicellular	abs_multin	abs_multipli	abs_municip	abs_municipal_corpor	abs_murder	abs_muscl	abs_museum	abs_museum_art	abs_mushroom	abs_music	abs_music_artist	abs_music_award	abs_musical_instru	abs_musician	abs_muslim	abs_mutat	abs_mutual	abs_mutually_intellig	abs_mvp	abs_myth	abs_mytholog	abs_na	abs_naismith	abs_naismith_memori	abs_nake	abs_naked_ey	abs_name	abs_name_latin	abs_named_on	abs_napoleon	abs_narrat	abs_nasa	abs_nation	abs_national_basketbal	abs_national_championship	abs_national_film	abs_national_footbal	abs_national_hockey	abs_national_languag	abs_national_leagu	abs_national_monu	abs_national_museum	abs_national_park	abs_national_team	abs_nativ	abs_native_languag	abs_native_speak	abs_nato	abs_natur	abs_natural_ga	abs_natural_histori	abs_natural_numb	abs_natural_sci	abs_natural_select	abs_naturally_occur	abs_nausea	abs_naval	abs_navi	abs_navig	abs_nba	abs_nbc	abs_ncaa	abs_near	abs_near_east	abs_nebula	abs_neck	abs_negat	abs_negoti	abs_neolith	abs_neptun	abs_nerv	abs_nervous	abs_nervous_system	abs_nest	abs_net	abs_net_worth	abs_network	abs_neuron	abs_neutrino	abs_neutron	abs_new	abs_new_testa	abs_new_york	abs_news	abs_newspap	abs_newton	abs_newtonian	abs_nfl	abs_ngc	abs_nhl	abs_nickel	abs_nicknam	abs_night	abs_night_liv	abs_night_ski	abs_nintendo	abs_nitrogen	abs_nobel	abs_nobel_laur	abs_nobel_memori	abs_nobel_pr	abs_nocturn	abs_node	abs_nomenclatur	abs_nomin	abs_nominal_gdp	abs_nominated_academi	abs_non	abs_non_align	abs_non_government	abs_normal	abs_normat	abs_north	abs_north_america	abs_north_east	abs_northeast	abs_northern	abs_northern_hemispher	abs_northwest	abs_notat	abs_notion	abs_noun	abs_novel	abs_novelist	abs_novemb	abs_nuclear	abs_nuclear_fus	abs_nuclear_phys	abs_nuclear_reactor	abs_nuclei	abs_nucleic	abs_nucleic_acid	abs_nucleus	abs_number	abs_number_on	abs_number_theori	abs_nutrient	abs_obes	abs_object	abs_oblast	abs_observ	abs_observatori	abs_occupi	abs_occur	abs_occur_natur	abs_occurs_natur	abs_ocean	abs_octob	abs_october_2021	abs_odor	abs_oecd	abs_offens	abs_offer	abs_offic	abs_offici	abs_official_languag	abs_officially_republ	abs_offspr	abs_often	abs_oh	abs_oil	abs_oil_paint	abs_old_testa	abs_old_world	abs_oldest	abs_oldest_univers	abs_olymp	abs_olympiad	abs_olympian	abs_olympic_champion	abs_olympic_committe	abs_olympic_gam	abs_olympic_gold	abs_olympic_med	abs_olympics_offici	abs_omnivor	abs_one_100	abs_one_album	abs_one_best	abs_one_day	abs_one_greatest	abs_one_largest	abs_one_singl	abs_onion	abs_onlin	abs_onset	abs_ontolog	abs_op	abs_open	abs_open_sourc	abs_oper	abs_opera	abs_operating_system	abs_oppon	abs_opposit	abs_optic	abs_optim	abs_oral	abs_orbit	abs_orbit_around	abs_orchestr	abs_orchestra	abs_ordain	abs_order	abs_ore	abs_organ	abs_organell	abs_organic_chemistri	abs_organic_compound	abs_organis	abs_organization_list	abs_organized_crim	abs_origin	abs_ornament	abs_orthodox	abs_orthodox_church	abs_orthographi	abs_oscar	abs_oscil	abs_ottoman	abs_ottoman_empir	abs_outcom	abs_outer	abs_output	abs_outstand	abs_oversaw	abs_own	abs_oxid	abs_oxidation_st	abs_oxygen	abs_pacif	abs_pacific_ocean	abs_pagan	abs_pain	abs_paint	abs_painter	abs_pair	abs_palac	abs_paleolith	abs_paleontologist	abs_pali	abs_pantheon	abs_paramet	abs_parasit	abs_parent	abs_park	abs_parliament	abs_parliamentari	abs_parol	abs_part	abs_parthian	abs_parti	abs_particip	abs_particl	abs_particle_phys	abs_partner	abs_passeng	abs_passerin	abs_passerine_bird	abs_patent	abs_pathogen	abs_pathway	abs_patient	abs_patron_saint	abs_peac	abs_peak	abs_pelag	abs_pelé	abs_pen	abs_pen_nam	abs_penetr	abs_peninsula	abs_peopl	abs_per	abs_per_capita	abs_per_unit	abs_perenni	abs_perform	abs_period	abs_periodic_t	abs_permian	abs_perpendicular	abs_persian	abs_person	abs_personal_comput	abs_personnel	abs_pest	abs_pet	abs_pharaoh	abs_pharmaceut	abs_phase	abs_phenomena	abs_philanthropist	abs_philosoph	abs_philosophi	abs_phonem	abs_phonet	abs_phonolog	abs_photograph	abs_photographi	abs_photon	abs_photosynthesi	abs_phylogenet	abs_phylum	abs_physic	abs_physical_chem	abs_physical_quant	abs_physician	abs_physicist	abs_physics_chemistri	abs_physiolog	abs_physiology_medicin	abs_pianist	abs_piano	abs_pick	abs_pictur	abs_piec	abs_pigment	abs_pilot	abs_pioneer	abs_pitch	abs_plain	abs_plan	abs_planck	abs_plane	abs_planet	abs_planetari	abs_plankton	abs_plant	abs_plant_famili	abs_plasma	abs_plastic	abs_plate	abs_plate_tecton	abs_plateau	abs_platform	abs_platinum	abs_play	abs_player	abs_player_play	abs_player_year	abs_players_histori	abs_players_tim	abs_playing_car	abs_playing_gam	abs_playoff	abs_playstat	abs_playwright	abs_pleistocen	abs_pliocen	abs_plumag	abs_pluto	abs_poach	abs_poem	abs_poet	abs_poetri	abs_point	abs_polar	abs_polar_region	abs_pole	abs_polic	abs_polici	abs_polit	abs_political_comment	abs_political_parti	abs_political_philosophi	abs_politician	abs_politician_serv	abs_pollin	abs_polygon	abs_polym	abs_polymath	abs_polynomi	abs_pop	abs_pop_mus	abs_pope	abs_popul	abs_popular	abs_popular_mus	abs_population_c	abs_population_dens	abs_population_million	abs_populous_c	abs_populous_countri	abs_pork	abs_pornograph	abs_pornographi	abs_port	abs_portabl	abs_portrait	abs_portray	abs_posit	abs_possibl	abs_potassium	abs_potenti	abs_potential_energi	abs_pound	abs_powder	abs_power	abs_power_pl	abs_power_st	abs_ppp	abs_practic	abs_prayer	abs_preach	abs_precipit	abs_predat	abs_predatori	abs_predict	abs_prefectur	abs_prefecture_level	abs_prefix	abs_pregnanc	abs_prehistori	abs_premier	abs_premier_leagu	abs_premiership	abs_prepar	abs_prescrib	abs_prescript	abs_present_day	abs_preserv	abs_preservation_n	abs_preservation_unit	abs_presid	abs_presidenti	abs_presidential_elect	abs_pressur	abs_prevent	abs_previously_serv	abs_prey	abs_price	abs_priest	abs_primat	abs_prime	abs_prime_minist	abs_primetim	abs_primetime_emmi	abs_primit	abs_primordi	abs_princ	abs_principal_c	abs_principl	abs_print	abs_printmak	abs_prison	abs_privat	abs_prix	abs_prize	abs_prize_econom	abs_prize_laur	abs_prize_literatur	abs_prize_phys	abs_prize_physiolog	abs_prize_winn	abs_pro	abs_pro_footbal	abs_probability_distribut	abs_probability_theori	abs_probabl	abs_probe	abs_problem	abs_procedur	abs_process	abs_processor	abs_proclaim	abs_produc	abs_producer_screenwrit	abs_product	abs_profession	abs_professional_basebal	abs_professional_basketbal	abs_professional_car	abs_professional_footbal	abs_professional_sport	abs_professional_wrestl	abs_professor	abs_program	abs_programming_languag	abs_projectil	abs_prokaryot	abs_prolif	abs_promot	abs_proof	abs_propag	abs_propel	abs_properti	abs_prophet	abs_prophet_muhammad	abs_propuls	abs_prose	abs_prostitut	abs_protagonist	abs_protect	abs_protected_area	abs_protector	abs_protein	abs_protest	abs_proton	abs_provid	abs_provinc	abs_province_peopl	abs_provinci	abs_psycholog	abs_psychologist	abs_ptolemi	abs_public	abs_public_research	abs_public_transport	abs_publish	abs_pulitz	abs_pulitzer_pr	abs_punk	abs_pure	abs_purpos	abs_quantit	abs_quantiti	abs_quantum	abs_quantum_field	abs_quantum_mechan	abs_quark	abs_quran	abs_rabbin	abs_race	abs_radiat	abs_radio	abs_radio_wav	abs_radioact	abs_radioactive_decay	abs_radius	abs_rafael	abs_rail	abs_railway	abs_rain	abs_ran	abs_random	abs_rang	abs_ranger	abs_rank	abs_rapid_transit	abs_rare	abs_rash	abs_rate	abs_ration	abs_ray	abs_ray_fin	abs_reach	abs_react	abs_reactant	abs_reaction	abs_reactiv	abs_reactor	abs_reader	abs_real	abs_real_numb	abs_rebellion	abs_rebound	abs_receiv	abs_receptor	abs_recip	abs_recipi	abs_recombin	abs_recommend	abs_record	abs_record_hold	abs_record_produc	abs_records_worldwid	abs_recurs	abs_red	abs_red_list	abs_reduc	abs_reef	abs_refer	abs_reform	abs_refract	abs_regard	abs_regarded_on	abs_regent	abs_regim	abs_region	abs_registri	abs_registry_librari	abs_regul	abs_regular_season	abs_reign	abs_relat	abs_relationship	abs_relativist	abs_relay	abs_releas	abs_releg	abs_religi	abs_religion	abs_religious_belief	abs_religious_mov	abs_religious_practic	abs_remain	abs_remains_on	abs_renewable_energi	abs_repertoir	abs_report	abs_repres	abs_reproduc	abs_reproduct	abs_reptil	abs_republ	abs_republican	abs_requir	abs_research	abs_research_act	abs_research_develop	abs_research_univers	abs_reserv	abs_resid	abs_residenti	abs_resign	abs_resin	abs_resist	abs_respiratori	abs_respons	abs_restaur	abs_restor	abs_result	abs_retir	abs_return	abs_revenu	abs_review	abs_revolt	abs_revolut	abs_revolutionari	abs_rhode	abs_rhythm	abs_rice	abs_richest	abs_rider	abs_rifl	abs_right	abs_right_hand	abs_rights_activist	abs_ring	abs_risk	abs_risk_factor	abs_ritual	abs_river	abs_river_flow	abs_rna	abs_road	abs_robot	abs_robust	abs_rock	abs_rock_band	abs_rock_rol	abs_rocket	abs_rodent	abs_role	abs_role_play	abs_roles_film	abs_roles_includ	abs_roll	abs_roll_hal	abs_rolling_ston	abs_roman	abs_roman_emperor	abs_roman_empir	abs_roman_republ	abs_romant	abs_romantic_comedi	abs_rome	abs_rooki	abs_room_temperatur	abs_rotat	abs_rout	abs_royal	abs_rugbi	abs_ruin	abs_rule	abs_ruler	abs_run	abs_runner	abs_russia	abs_safe	abs_sage	abs_saint	abs_sale	abs_salin	abs_salt	abs_saltwat	abs_sampl	abs_sanskrit	abs_satellit	abs_saturday	abs_saturday_night	abs_saturn	abs_sauc	abs_scalar	abs_scale	abs_scan	abs_scene	abs_scholar	abs_school	abs_scienc	abs_science_fict	abs_science_technolog	abs_scientif	abs_scientific_method	abs_scientist	abs_score	abs_scorer	abs_screen	abs_screen_actor	abs_screenplay	abs_screenwrit	abs_script	abs_scriptur	abs_sculptor	abs_sculptur	abs_sea	abs_sea_level	abs_seafood	abs_season	abs_seat	abs_second	abs_second_album	abs_second_languag	abs_second_largest	abs_second_popul	abs_second_term	abs_secretari	abs_secretariat	abs_sector	abs_secur	abs_sediment	abs_sedimentari	abs_sedimentary_rock	abs_seed	abs_segment	abs_select	abs_selected_preserv	abs_seleucid	abs_sell	abs_selling_album	abs_selling_mus	abs_semant	abs_semiconductor	abs_senat	abs_sensori	abs_sentenc	abs_separ	abs_septemb	abs_sequel	abs_sequenc	abs_seri	abs_serial	abs_serial_kil	abs_series_air	abs_series_cr	abs_sermon	abs_serv	abs_served_first	abs_served_presid	abs_served_prim	abs_server	abs_servic	abs_set	abs_set_theori	abs_settl	abs_settlement	abs_seven	abs_sex	abs_sexual	abs_sexual_act	abs_sexual_orient	abs_sexual_reproduct	abs_shallow	abs_shape	abs_share	abs_sharehold	abs_shark	abs_shell	abs_shia	abs_ship	abs_short_stori	abs_shot	abs_show	abs_show_host	abs_shrimp	abs_shrub	abs_shuttl	abs_si	abs_si_unit	abs_side	abs_side_effect	abs_sieg	abs_sight_sound	abs_sign	abs_signal	abs_signs_symptom	abs_silent	abs_silent_film	abs_silic	abs_silicon	abs_silver	abs_silver_med	abs_silveri	abs_similar	abs_simplest	abs_sinc	abs_sing	abs_singer	abs_singer_songwrit	abs_singl	abs_single_cel	abs_sitcom	abs_site	abs_situat	abs_six	abs_six_tim	abs_size	abs_skate	abs_skater	abs_skeleton	abs_sketch	abs_skin	abs_skull	abs_sky	abs_slam	abs_small	abs_smallest	abs_smartphon	abs_snail	abs_snake	abs_snout	abs_soccer	abs_social	abs_social_sci	abs_socialist	abs_societi	abs_sociolog	abs_sociologist	abs_sodium	abs_soft	abs_softwar	abs_soil	abs_solar	abs_solar_mass	abs_solar_system	abs_sold	abs_soldier	abs_solid	abs_solitari	abs_solo	abs_solo_artist	abs_solo_car	abs_solubl	abs_solut	abs_solv	abs_solvent	abs_sometim	abs_son	abs_song	abs_songwrit	abs_sound	abs_soundtrack	abs_soup	abs_sourc	abs_source_cod	abs_south	abs_south_america	abs_south_pol	abs_southeast	abs_southern	abs_southern_hemispher	abs_southernmost	abs_southwest	abs_sovereign	abs_sovereign_st	abs_sovereignti	abs_soviet	abs_soviet_union	abs_space	abs_space_ag	abs_space_st	abs_space_telescop	abs_space_tim	abs_spacecraft	abs_spaceflight	abs_spacetim	abs_spain	abs_span	abs_spanish	abs_spatial	abs_speak	abs_speaker	abs_speci	abs_special_cas	abs_special_rel	abs_specialti	abs_species_found	abs_species_genus	abs_specif	abs_specimen	abs_spectra	abs_spectral	abs_spectroscopi	abs_spectrum	abs_speech	abs_speed	abs_speed_light	abs_spent	abs_sperm	abs_sphere	abs_spheric	abs_spice	abs_spider	abs_spin	abs_spine	abs_spiral	abs_spiral_galaxi	abs_spirit	abs_spiritu	abs_spoken	abs_spoken_languag	abs_spong	abs_spore	abs_sport	abs_sport_ev	abs_spous	abs_spread	abs_squar	abs_squid	abs_stabl	abs_stadium	abs_staff	abs_stage	abs_stage_nam	abs_stand_comedian	abs_standard	abs_standard_model	abs_stanley	abs_star	abs_star_form	abs_star_system	abs_starring_rol	abs_state	abs_state_capit	abs_state_univers	abs_states_n	abs_statesman	abs_station	abs_stationari	abs_statist	abs_statistical_area	abs_statistical_mechan	abs_statut	abs_steel	abs_stellar	abs_stem	abs_stimuli	abs_sting	abs_stock	abs_stock_exchang	abs_stolen	abs_stone	abs_stone_ag	abs_storag	abs_store	abs_stori	abs_story_writ	abs_strait	abs_strata	abs_stratovolcano	abs_streak	abs_stream	abs_striker	abs_structur	abs_student	abs_studi	abs_studio	abs_studio_album	abs_style	abs_subatom	abs_subatomic_particl	abs_subcultur	abs_subduct	abs_subfamili	abs_subord	abs_subset	abs_subsidiari	abs_subspeci	abs_substanc	abs_subtract	abs_subtrop	abs_succeed	abs_success	abs_successor	abs_sugar	abs_sulfur	abs_sultan	abs_sum	abs_summer	abs_summer_olymp	abs_summit	abs_sun	abs_sung	abs_sunlight	abs_sunni	abs_sunni_islam	abs_sunni_muslim	abs_super	abs_super_bowl	abs_superfamili	abs_superhero	abs_supernatur	abs_supernova	abs_suppli	abs_support	abs_supporting_actor	abs_supporting_actress	abs_supporting_rol	abs_surfac	abs_surgeon	abs_surgeri	abs_surgic	abs_surrend	abs_surround	abs_sweet	abs_sweeten	abs_swell	abs_swim	abs_swimmer	abs_symbol	abs_symmetri	abs_symphoni	abs_symptom	abs_symptoms_may	abs_syndic	abs_syndrom	abs_synthes	abs_synthesi	abs_synthet	abs_system	abs_system_unit	abs_tabl	abs_tactic	abs_tail	abs_tale	abs_talk	abs_talk_show	abs_tallest	abs_target	abs_taxon	abs_taxonom	abs_teach	abs_teacher	abs_team	abs_team_play	abs_teammat	abs_techniqu	abs_technique_us	abs_technolog	abs_tecton	abs_tectonic_pl	abs_teeth	abs_telescop	abs_televis	abs_television_film	abs_television_host	abs_television_person	abs_television_present	abs_television_seri	abs_temper	abs_temperatur	abs_temperature_pressur	abs_templ	abs_tenni	abs_tennis_play	abs_tenur	abs_term	abs_terrestri	abs_territori	abs_terrorist	abs_test	abs_testament	abs_tetrapod	abs_text	abs_textil	abs_theatr	abs_theatric	abs_theme	abs_theolog	abs_theologian	abs_theorem	abs_theoret	abs_theoretical_phys	abs_theoretical_physicist	abs_theori	abs_theory_rel	abs_therapeut	abs_therapi	abs_thermal	abs_thermodynam	abs_thinker	abs_third	abs_third_largest	abs_third_popul	abs_thought	abs_thread	abs_threaten	abs_three	abs_three_dimension	abs_three_tim	abs_thriller	abs_throne	abs_throw	abs_tibet	abs_tibetan	abs_tibetan_buddh	abs_tidal	abs_time	abs_time_lead	abs_time_nam	abs_time_olymp	abs_time_world	abs_times_high	abs_tissu	abs_titl	abs_tomato	abs_toni	abs_tonight	abs_tony_award	abs_took	abs_took_plac	abs_tool	abs_tooth	abs_top	abs_top_10	abs_topolog	abs_torah	abs_total	abs_total_area	abs_total_popul	abs_tour	abs_tourism	abs_tourist	abs_tourist_destin	abs_tournament	abs_town	abs_toxic	abs_toy	abs_track	abs_track_field	abs_tract	abs_trade	abs_tradit	abs_traffic	abs_train	abs_trait	abs_transact	abs_transcript	abs_transistor	abs_transit	abs_transit_system	abs_transition_met	abs_translat	abs_transmiss	abs_transmit	abs_transport	abs_trauma	abs_treat	abs_treati	abs_treatment	abs_tree	abs_trial	abs_triangl	abs_triassic	abs_tribe	abs_tributari	abs_triple_crown	abs_troop	abs_trophi	abs_tropic	abs_tropical_subtrop	abs_truth	abs_tube	abs_tumor	abs_tune	abs_turbin	abs_ture	abs_turing_award	abs_turtl	abs_tv	abs_tv_guid	abs_twice	abs_two	abs_two_dimension	abs_two_play	abs_two_season	abs_two_speci	abs_two_team	abs_two_tim	abs_type	abs_type_speci	abs_typic	abs_uefa	abs_uefa_champion	abs_undef	abs_undergo	abs_undergradu	abs_understand	abs_unesco	abs_unesco_world	abs_ungul	abs_uninhabit	abs_union	abs_union_conserv	abs_unit	abs_unit_length	abs_unit_measur	abs_unit_tim	abs_unitari	abs_united_n	abs_united_st	abs_units_si	abs_univers	abs_university_also	abs_university_loc	abs_university_rank	abs_uranium	abs_uranus	abs_urban	abs_urban_agglomer	abs_urban_area	abs_urban_district	abs_urban_plan	abs_us	abs_use	abs_used_measur	abs_used_treat	abs_used_unit	abs_user	abs_user_interfac	abs_usual	abs_vaccin	abs_vacuum	abs_valenc	abs_valley	abs_valu	abs_valuabl	abs_valuable_play	abs_vapor	abs_vari	abs_variabl	abs_variable_star	abs_varieti	abs_various_accolad	abs_vascular	abs_vassal	abs_vector	abs_vedic	abs_veget	abs_vehicl	abs_vein	abs_veloc	abs_vener	abs_venom	abs_verb	abs_vers	abs_version	abs_vertebr	abs_vertebra	abs_vertex	abs_vertic	abs_vibrat	abs_vice	abs_vice_presid	abs_victori	abs_video	abs_video_gam	abs_viewer	abs_villain	abs_viral	abs_virus	abs_vishnu	abs_visibl	abs_visible_light	abs_visitor	abs_visual	abs_visual_art	abs_vitamin	abs_vocabulari	abs_vocal	abs_vocalist	abs_voic	abs_volcan	abs_volcano	abs_voltag	abs_volum	abs_vomit	abs_vote	abs_vowel	abs_voyag	abs_walk_fam	abs_wall	abs_war	abs_war_ii	abs_warfar	abs_warm	abs_wasp	abs_water	abs_water_vapor	abs_waterfal	abs_waterway	abs_wave	abs_wavelength	abs_way_galaxi	abs_wayn	abs_weak	abs_wealthiest	abs_weapon	abs_wear	abs_weather	abs_weav	abs_web	abs_websit	abs_week	abs_weigh	abs_weight	abs_west	abs_west_indi	abs_western	abs_wheat	abs_wheel	abs_white	abs_white_dwarf	abs_widely_regard	abs_widely_spoken	abs_widely_us	abs_wife	abs_wild	abs_wilder	abs_win	abs_wind	abs_window	abs_wing	abs_winner	abs_winter	abs_winter_olymp	abs_wire	abs_within	abs_woman	abs_women	abs_women_world	abs_wood	abs_wool	abs_word	abs_work	abs_world	abs_world_bank	abs_world_champion	abs_world_championship	abs_world_citi	abs_world_cup	abs_world_greatest	abs_world_health	abs_world_heritag	abs_world_play	abs_world_record	abs_world_seri	abs_world_titl	abs_world_univers	abs_world_war	abs_worldwid	abs_worm	abs_worn	abs_worship	abs_worth	abs_wrestl	abs_wrestler	abs_write	abs_writer	abs_writing_system	abs_written	abs_written_direct	abs_wrote	abs_xbox	abs_yanke	abs_yard	abs_year	abs_year_award	abs_year_end	abs_years_ago	abs_years_war	abs_yeast	abs_yellow	abs_yoga	abs_york	abs_zero	abs_zeus	abs_zone	abs_zoolog	abs_état	hea_academ	hea_activ	hea_adapt	hea_administr	hea_administrative_divis	hea_aftermath	hea_also	hea_appear	hea_applic	hea_architectur	hea_art	hea_award	hea_awards_honor	hea_awards_nomin	hea_background	hea_behavior	hea_bibliographi	hea_biographi	hea_biolog	hea_career	hea_caus	hea_centuri	hea_charact	hea_characterist	hea_citi	hea_classif	hea_climat	hea_composit	hea_conserv	hea_controversi	hea_countri	hea_critic	hea_cultur	hea_death	hea_definit	hea_demograph	hea_descript	hea_design	hea_develop	hea_discographi	hea_discoveri	hea_distribut	hea_distribution_habitat	hea_divis	hea_earli	hea_early_car	hea_early_lif	hea_early_year	hea_ecolog	hea_economi	hea_educ	hea_effect	hea_etymolog	hea_event	hea_evolut	hea_exampl	hea_famili	hea_featur	hea_film	hea_filmographi	hea_format	hea_function	hea_galleri	hea_game	hea_general	hea_geographi	hea_geolog	hea_govern	hea_habitat	hea_health	hea_histori	hea_honor	hea_honour	hea_human	hea_imag	hea_influenc	hea_infrastructur	hea_intern	hea_international_rel	hea_languag	hea_later	hea_later_lif	hea_law	hea_legaci	hea_life	hea_life_car	hea_life_educ	hea_literari	hea_major	hea_marriag	hea_mechan	hea_media	hea_method	hea_militari	hea_modern	hea_music	hea_name	hea_nation	hea_natur	hea_nomin	hea_notabl	hea_notable_peopl	hea_note	hea_notes_refer	hea_oper	hea_organ	hea_origin	hea_peopl	hea_perform	hea_period	hea_person	hea_personal_lif	hea_philosophi	hea_physic	hea_play	hea_plot	hea_polit	hea_political_car	hea_popul	hea_popular	hea_popular_cultur	hea_post	hea_power	hea_presid	hea_process	hea_product	hea_profession	hea_properti	hea_public	hea_reaction	hea_read	hea_recept	hea_record	hea_region	hea_reign	hea_relat	hea_relationship	hea_religi	hea_religion	hea_research	hea_role	hea_rule	hea_safeti	hea_see	hea_see_also	hea_select	hea_signific	hea_sister	hea_sister_c	hea_societi	hea_sourc	hea_speci	hea_sport	hea_statist	hea_status	hea_structur	hea_style	hea_system	hea_taxonomi	hea_televis	hea_theme	hea_theori	hea_tourism	hea_town	hea_tradit	hea_transport	hea_twin	hea_twin_town	hea_type	hea_unit	hea_use	hea_view	hea_war	hea_work	hea_world	hea_world_war	hea_write	hea_year	tit_2011	tit_2019	tit_2021	tit_abstract	tit_acid	tit_administr	tit_administrative_divis	tit_adult	tit_agricultur	tit_al	tit_alga	tit_algebra	tit_algorithm	tit_ammonium	tit_analysi	tit_ant	tit_aquacultur	tit_archaeolog	tit_architectur	tit_area	tit_array	tit_art	tit_art_museum	tit_artist	tit_astronom	tit_astronomi	tit_astrophys	tit_australopithecus	tit_axiom	tit_base	tit_battl	tit_beetl	tit_biolog	tit_bird	tit_book	tit_bridg	tit_buddhism	tit_calcium	tit_calendar	tit_camera	tit_canal	tit_capacitor	tit_cape	tit_carbid	tit_cat	tit_categori	tit_category_theori	tit_cathedr	tit_cattl	tit_cave	tit_cell	tit_chemic	tit_chemistri	tit_chimpanze	tit_chlorid	tit_chromatographi	tit_church	tit_cinema	tit_circuit	tit_citi	tit_citrat	tit_civil_war	tit_class	tit_climat	tit_climate_chang	tit_clock	tit_cloud	tit_cognit	tit_color	tit_color_spac	tit_communic	tit_complex	tit_comput	tit_constant	tit_constel	tit_coral	tit_cosmet	tit_cosmolog	tit_counti	tit_crab	tit_crisi	tit_crop	tit_crystal	tit_crystal_system	tit_cuisin	tit_cultur	tit_dalai	tit_dalai_lama	tit_dam	tit_danc	tit_data	tit_day	tit_decay	tit_delta	tit_desert	tit_differenti	tit_differential_equ	tit_diffract	tit_dimension	tit_dimensional_spac	tit_diseas	tit_disord	tit_distil	tit_distribut	tit_divis	tit_dna	tit_drug	tit_duchess	tit_dynasti	tit_earth	tit_eclips	tit_ecolog	tit_economi	tit_educ	tit_electr	tit_electromagnet	tit_electron	tit_element	tit_emperor	tit_empir	tit_energi	tit_engin	tit_entropi	tit_epistl	tit_epoch	tit_equat	tit_ethic	tit_evolut	tit_fall	tit_fandom	tit_farm	tit_feder	tit_fermat	tit_festiv	tit_film	tit_fish	tit_flag	tit_food	tit_fossil	tit_fraction	tit_frog	tit_fuel	tit_function	tit_furnitur	tit_gaius	tit_galact	tit_galaxi	tit_galleri	tit_game	tit_gate	tit_general_rel	tit_genet	tit_genom	tit_geographi	tit_geolog	tit_geometri	tit_glacier	tit_gorg	tit_graph	tit_graph_theori	tit_gravit	tit_guru	tit_heat	tit_hemispher	tit_histori	tit_history_unit	tit_holy_roman	tit_home	tit_homo	tit_hors	tit_human	tit_hydrogen	tit_ibn	tit_ice	tit_ii	tit_iii	tit_indigenous_peopl	tit_inequ	tit_inform	tit_integr	tit_intern	tit_island	tit_isotop	tit_isthmus	tit_journal	tit_kingdom	tit_laboratori	tit_lake	tit_lama	tit_languag	tit_laser	tit_law	tit_leagu	tit_len	tit_librari	tit_life	tit_literatur	tit_lobster	tit_logarithm	tit_logic	tit_magazin	tit_magnet	tit_magnitud	tit_marriag	tit_mathemat	tit_mechan	tit_medic	tit_medicin	tit_meet	tit_membran	tit_metamateri	tit_metro	tit_microscop	tit_militari	tit_milo	tit_molecular	tit_molecular_geometri	tit_moon	tit_mount	tit_mountain	tit_museo	tit_museum	tit_museum_art	tit_music	tit_mytholog	tit_nation	tit_national_museum	tit_national_park	tit_nature_reserv	tit_nebula	tit_new_year	tit_norton	tit_novel	tit_nuclear	tit_nucleophil	tit_number	tit_observatori	tit_octopus	tit_olymp	tit_optic	tit_orbit	tit_organ	tit_oxid	tit_pagan	tit_paleolith	tit_park	tit_particl	tit_peak	tit_peninsula	tit_peopl	tit_personality_disord	tit_phase	tit_philosophi	tit_photographi	tit_physic	tit_plain	tit_planet	tit_planetari	tit_plant	tit_plateau	tit_polit	tit_polymer	tit_pope	tit_pornographi	tit_potassium	tit_power	tit_prefectur	tit_prime	tit_probabl	tit_problem	tit_process	tit_program	tit_prostitut	tit_provinc	tit_psycholog	tit_quantum	tit_quark	tit_race	tit_rang	tit_reaction	tit_reactor	tit_region	tit_relat	tit_religion	tit_research	tit_reserv	tit_reson	tit_rgb	tit_rgb_color	tit_river	tit_rna	tit_roman_emperor	tit_rover	tit_rugbi	tit_salamand	tit_scienc	tit_science_technolog	tit_scientif	tit_scorpion	tit_sea	tit_search	tit_separ	tit_seri	tit_set	tit_set_theori	tit_sex	tit_sexual	tit_shark	tit_shrimp	tit_signal	tit_snail	tit_social	tit_sodium	tit_sort	tit_space	tit_space_telescop	tit_speci	tit_spectroscopi	tit_spider	tit_spin	tit_spiral	tit_spiral_galaxi	tit_sport	tit_squid	tit_star	tit_state	tit_state_univers	tit_statist	tit_steel	tit_stellar	tit_strait	tit_studi	tit_subcultur	tit_suicid	tit_sulfat	tit_summer	tit_summer_olymp	tit_supernova	tit_synthesi	tit_team	tit_technolog	tit_telescop	tit_televis	tit_terrier	tit_theatr	tit_theorem	tit_theori	tit_therapi	tit_thermal	tit_thermodynam	tit_timelin	tit_toad	tit_triangl	tit_tv	tit_tv_seri	tit_unit	tit_univers	tit_urban	tit_vaccin	tit_video	tit_video_gam	tit_villag	tit_vitamin	tit_war	tit_warfar	tit_wave	tit_weapon	tit_winter	tit_winter_olymp	tit_world_war